Semaine,Volume (MWh),Ann√©e
,,2021
Semaine,Stock (MWh),2021
1,2407326,2021
2,2081829,2021
3,1924342,2021
4,1772556,2021
5,1859154,2021
6,1726279,2021
7,1533892,2021
8,1515570,2021
9,1386764,2021
10,1176034,2021
11,1154107,2021
12,994654,2021
13,961615,2021
14,998746,2021
15,917246,2021
16,874649,2021
17,940614,2021
18,1047965,2021
19,1231647,2021
20,1413451,2021
21,1509465,2021
22,1628356,2021
23,1803076,2021
24,2002076,2021
25,2183321,2021
26,2310252,2021
27,2349488,2021
28,2463983,2021
29,2538196,2021
30,2549423,2021
31,2607829,2021
32,2658935,2021
33,2655591,2021
34,2612909,2021
35,2537592,2021
36,2471418,2021
37,2394175,2021
38,2361161,2021
39,2330764,2021
40,2373290,2021
41,2385992,2021
42,2356588,2021
43,2291919,2021
44,2349925,2021
45,2344289,2021
46,2216776,2021
47,2119853,2021
48,2024972,2021
49,2059628,2021
50,2010670,2021
51,1928190,2021
52,2029801,2021
,,2015
Semaine,Stock (MWh),2015
1,2737368,2015
2,2648112,2015
3,2622624,2015
4,2456362,2015
5,2289749,2015
6,2121193,2015
7,1832396,2015
8,1642339,2015
9,1498497,2015
10,1632116,2015
11,1314307,2015
12,1211849,2015
13,1111858,2015
14,1112498,2015
15,1120162,2015
16,1134908,2015
17,1191820,2015
18,1254809,2015
19,1518660,2015
20,1720675,2015
21,1917460,2015
22,1916174,2015
23,2052323,2015
24,2229232,2015
25,2405020,2015
26,2498453,2015
27,2492731,2015
28,2532015,2015
29,2555627,2015
30,2543616,2015
31,2573500,2015
32,2610486,2015
33,2638154,2015
34,2683473,2015
35,2707234,2015
36,2670356,2015
37,2656060,2015
38,2653075,2015
39,2680678,2015
40,2644538,2015
41,2621532,2015
42,2591506,2015
43,2493778,2015
44,2409220,2015
45,2394525,2015
46,2392543,2015
47,2344375,2015
48,2287176,2015
49,2249053,2015
50,2214811,2015
51,2108071,2015
52,2064510,2015
53,2031601,2015
,,2017
Semaine,Stock (MWh),2017
1,1731080,2017
2,1506079,2017
3,1352500,2017
4,988159,2017
5,907065,2017
6,971170,2017
7,937230,2017
8,935748,2017
9,843774,2017
10,856354,2017
11,873142,2017
12,851557,2017
13,841629,2017
14,839510,2017
15,858713,2017
16,872913,2017
17,909507,2017
18,926378,2017
19,1016298,2017
20,1169199,2017
21,1337825,2017
22,1648732,2017
23,1907481,2017
24,2069304,2017
25,2246981,2017
26,2376558,2017
27,2453834,2017
28,2469901,2017
29,2472334,2017
30,2515875,2017
31,2534378,2017
32,2550592,2017
33,2543603,2017
34,2523198,2017
35,2493281,2017
36,2483308,2017
37,2446898,2017
38,2416702,2017
39,2356294,2017
40,2309797,2017
41,2246056,2017
42,2208835,2017
43,2184170,2017
44,2160397,2017
45,2079340,2017
46,1987997,2017
47,1861449,2017
48,1786793,2017
49,1535027,2017
50,1497896,2017
51,1464078,2017
52,1493019,2017
,,2016
Semaine,Stock (MWh),2016
1,1978425,2016
2,2042176,2016
3,1893646,2016
4,1812965,2016
5,1808771,2016
6,1748370,2016
7,1645290,2016
8,1523088,2016
9,1368108,2016
10,1308303,2016
11,1165647,2016
12,1032395,2016
13,993525,2016
14,1023632,2016
15,1039776,2016
16,1087120,2016
17,1079049,2016
18,1078797,2016
19,1190531,2016
20,1355507,2016
21,1498294,2016
22,1723111,2016
23,1902719,2016
24,2131614,2016
25,2271954,2016
26,2424740,2016
27,2595652,2016
28,2689942,2016
29,2746988,2016
30,2774693,2016
31,2815144,2016
32,2845905,2016
33,2843018,2016
34,2826938,2016
35,2746637,2016
36,2675879,2016
37,2580900,2016
38,2606349,2016
39,2512710,2016
40,2454430,2016
41,2321294,2016
42,2262240,2016
43,2211351,2016
44,2271496,2016
45,2313148,2016
46,2333679,2016
47,2455207,2016
48,2486202,2016
49,2388603,2016
50,2256174,2016
51,2066183,2016
52,1978452,2016
,,2018
Semaine,Stock (MWh),2018
1,1577489,2018
2,1719409,2018
3,1660658,2018
4,1704964,2018
5,1639471,2018
6,1416974,2018
7,1194343,2018
8,1101070,2018
9,812004,2018
10,665128,2018
11,703526,2018
12,643391,2018
13,586044,2018
14,597380,2018
15,616931,2018
16,642271,2018
17,811033,2018
18,1002365,2018
19,1101932,2018
20,1327826,2018
21,1497111,2018
22,1791003,2018
23,2062657,2018
24,2343672,2018
25,2562038,2018
26,2685251,2018
27,2829080,2018
28,2807415,2018
29,2788177,2018
30,2800440,2018
31,2817640,2018
32,2837239,2018
33,2869444,2018
34,2837907,2018
35,2778684,2018
36,2718547,2018
37,2678886,2018
38,2632172,2018
39,2588940,2018
40,2533385,2018
41,2476781,2018
42,2504641,2018
43,2474033,2018
44,2418967,2018
45,2457273,2018
46,2472229,2018
47,2331922,2018
48,2227100,2018
49,2232914,2018
50,2230364,2018
51,2085932,2018
52,2164121,2018
,,2020
Semaine,Stock (MWh),2020
1,2780215,2020
2,2742325,2020
3,2652974,2020
4,2426891,2020
5,2194236,2020
6,2214084,2020
7,2174132,2020
8,2116585,2020
9,2008603,2020
10,1864482,2020
11,1816423,2020
12,1779274,2020
13,1763973,2020
14,1614814,2020
15,1513412,2020
16,1551504,2020
17,1670557,2020
18,1740867,2020
19,1977501,2020
20,2184713,2020
21,2355412,2020
22,2576537,2020
23,2698730,2020
24,2775806,2020
25,2837466,2020
26,2854415,2020
27,2972388,2020
28,3064947,2020
29,3087938,2020
30,3088372,2020
31,3100546,2020
32,3062108,2020
33,3013309,2020
34,2986398,2020
35,2955316,2020
36,2975651,2020
37,2929369,2020
38,2855432,2020
39,2821249,2020
40,2801270,2020
41,2964842,2020
42,3019708,2020
43,2956736,2020
44,3041148,2020
45,3088786,2020
46,3035130,2020
47,3012185,2020
48,2929262,2020
49,2674858,2020
50,2521048,2020
51,2454326,2020
52,2473628,2020
53,2532396,2020
,,2022
Semaine,Stock (MWh),2022
1,2152112,2022
2,2137089,2022
3,1998118,2022
4,1817029,2022
5,1747271,2022
6,1729375,2022
7,1697421,2022
8,1739794,2022
9,1604668,2022
10,1420843,2022
11,1375108,2022
12,1369050,2022
13,1334846,2022
14,1197120,2022
15,1229508,2022
16,1338623,2022
17,1380258,2022
18,1418563,2022
19,1511294,2022
21,1954315,2022
22,2156969,2022
23,2345706,2022
24,2411291,2022
25,2434351,2022
26,2482855,2022
27,2469618,2022
28,2462110,2022
29,2382772,2022
30,2312574,2022
31,2274044,2022
32,2280964,2022
33,2249940,2022
34,2250959,2022
35,2244154,2022
36,2240533,2022
37,2252727,2022
38,2254828,2022
39,2253974,2022
40,2313405,2022
41,2320864,2022
42,2315468,2022
43,2419163,2022
44,2455704,2022
45,2495545,2022
46,2499746,2022
47,2518920,2022
48,2462887,2022
49,2374305,2022
50,2190805,2022
51,2142607,2022
52,2284112,2022
,,2019
Semaine,Stock (MWh),2019
1,2186488,2019
2,2055622,2019
3,1931241,2019
4,1750281,2019
5,1591274,2019
6,1474810,2019
7,1446619,2019
8,1319494,2019
9,1227480,2019
10,1161979,2019
11,1157528,2019
12,1135050,2019
13,1064149,2019
14,984486,2019
15,932025,2019
16,921232,2019
17,1004280,2019
18,1112875,2019
19,1130279,2019
20,1254728,2019
21,1324928,2019
22,1481998,2019
23,1701147,2019
24,1959725,2019
25,2172242,2019
26,2394994,2019
27,2572658,2019
28,2673159,2019
29,2690219,2019
30,2697155,2019
31,2742271,2019
32,2749841,2019
33,2762882,2019
34,2777986,2019
35,2760250,2019
36,2718854,2019
38,2689334,2019
39,2650572,2019
40,2648638,2019
41,2625151,2019
42,2649054,2019
43,2771196,2019
44,2851394,2019
45,2986771,2019
46,2954760,2019
47,2792032,2019
48,2815568,2019
49,2815166,2019
50,2657645,2019
51,2652638,2019
52,2804309,2019
,,2023
Semaine,Stock (MWh),2023
1,2327857,2023
2,2347129,2023
3,2331058,2023
4,1860943,2023
5,1741224,2023
6,1548596,2023
7,1489626,2023
8,1443310,2023
9,1343353,2023
10,1351720,2023
11,1437424,2023
12,1480070,2023
13,1508365,2023
14,1512237,2023
15,1545065,2023
16,1579550,2023
17,1591705,2023
18,1737740,2023
19,1952971,2023
20,2051871,2023
21,2200163,2023
22,2404082,2023
23,2579634,2023
24,2708825,2023
25,2827813,2023
26,2932525,2023
27,2965488,2023
28,3007664,2023
29,3013784,2023
30,3000966,2023
31,2985265,2023
32,2933071,2023
33,2870892,2023
34,2829706,2023
35,2898999,2023
36,2865844,2023
37,2818485,2023
38,2809675,2023
39,2776356,2023
40,2705939,2023
41,2613447,2023
42,2620085,2023
43,2730776,2023
44,2856838,2023
45,2847567,2023
46,2978309,2023
47,2932723,2023
48,2883329,2023
49,2789836,2023
50,2806027,2023
51,2761956,2023
52,2795844,2023
